Variant,Silhouette_Score,Separation_Score,Balance_Score,Interpretability_Score,Simplicity_Score,Total_Score,Rank
variant_b_binary_rfm,7.220857755736164,10.0,0.0,10,9.834254143646408,7.14968274108549,1
variant_a_weighted,10.0,3.465972641579818,10.0,7,0.3314917127071819,6.949642331665673,2
baseline_binary,1.6235174332350841,0.0,7.321100917431183,10,10.0,4.451275413456762,3
variant_c_weighted_rfm,0.0,2.452960692017434,7.22935779816514,10,0.0,3.5591117326373864,4
